x,y,label
5.585237373748507,-4.794868701166052,C
-5.0195752677023355,3.434121443139315,A
-7.904959866892547,3.652559125701152,A
0.03748802701681253,5.9775096000147565,B
5.0112894340875505,-4.522206180823035,C
5.216151582225241,-5.329963982420278,C
-0.8822678723132585,7.600851499827227,B
4.69635712537919,-5.645425956766199,C
-1.462990700348187,8.344962884979248,B
-5.37217557299428,2.0623646367492583,A
5.6284606607771925,-2.444070527717862,C
-7.029279292403895,2.6681609075303925,A
-6.489814874663033,1.5259765595300965,A
5.434186685858791,-4.429033911748826,C
-1.633331451824887,5.620064704311385,B
-7.579042732344923,3.8651613735688803,A
5.198871960316093,-5.685209432556292,C
-2.5110457574589216,7.495151306731135,B
-5.3286021974907625,0.996365343752331,A
4.83347627885324,-4.44826581784454,C
-0.11905939772043794,5.954283390433121,B
5.387370358390111,-5.741712076621512,C
-1.7359288113363922,5.332735074082604,B
0.1375520289952148,5.684710800763958,B
-5.529978229228451,1.4801465888914458,A
-6.242219306384829,1.891572497233218,A
5.9615343580465145,-3.9755557033039217,C
-0.9046925347279466,5.509096714651816,B
4.89526411528781,-4.78863043110551,C
4.886492205746325,-6.774265515324754,C
-5.3058937007373155,2.320083845948963,A
3.8754659588379425,-4.458246321074439,C
-5.475507704743389,3.120805094506494,A
-5.488954988040698,0.6236764304050231,A
5.629078114313687,-4.424305877908929,C
-0.4243972637497959,7.804972455047077,B
0.32729752589809347,5.602520099427618,B
-6.352719532601153,3.5011446083677877,A
-1.4409176325544695,5.243752275057921,B
5.321148700783061,-4.511361635716456,C
-5.815590660222916,2.406662395518497,A
-1.5999539279270851,5.602410551208281,B
-6.567451220622146,2.7796130744106096,A
-6.373543858523405,2.260000009130903,A
-6.620376095558428,3.1913392267157024,A
-5.930054997418257,2.593402050091087,A
7.674701569107851,-6.0375575956781775,C
-7.571584273922998,2.3412572208477234,A
5.064658898655805,-4.569745740993818,C
4.5720473152024566,-4.854786378216778,C
-0.8591915306686584,6.529947048040758,B
-6.153914620307725,0.19949046661123182,A
-0.24945224961195833,6.66272960690284,B
-6.122539357096443,2.8370196301238417,A
3.8647378548321347,-4.276487109973143,C
-5.065259422561841,2.0106259052805924,A
-0.21272200412185005,3.9673678767528253,B
5.671665024768354,-3.934996215922523,C
-6.4180430468030005,1.8244687727996207,A
0.6049525817521901,5.373821247525984,B
-8.254876634542264,4.372422188262213,A
-5.540835165883859,2.628669769569712,A
-1.2219406339723162,6.260948652138751,B
-1.5641301494357251,4.984509480601012,B
-5.353017065874312,2.360228368969972,A
6.967736424602028,-3.656522776820359,C
-6.717853441609009,2.297555912427253,A
5.861241002055975,-4.790919165447529,C
-5.685322879672404,3.805656933222783,A
-6.330747900666212,3.331332914869511,A
7.169064226958916,-3.1204161232795316,C
-4.0459191038286,2.564448855055466,A
-6.1334690557380815,0.36719782010660795,A
-5.494056907299773,0.6251481942064405,A
-7.365134734089125,1.8503124476493884,A
-8.293231241515084,2.10867298036339,A
-5.976189615951796,2.995614331753379,A
6.01395117365588,-3.5982899932093853,C
5.175049449512731,-3.429292922211303,C
-0.49626061893351336,5.031650195838696,B
6.2571020548092475,-4.348068012794773,C
6.152040475534067,-5.701241156151348,C
-1.4837805853250368,7.639349843856731,B
4.068624053989455,-3.746259680130683,C
-5.806046435615506,2.4274233089920423,A
6.36412745906429,-5.737591365195028,C
-7.642727405887801,1.5455948054947664,A
-1.0519809860378384,5.210426736410476,B
5.52820695274497,-5.86748698099802,C
-5.942648450551259,1.289516311545685,A
-0.7183987689027467,6.418284073640208,B
-5.921818792673607,1.5450186363569385,A
-6.648934995997651,2.143159127830557,A
-5.217132647313032,3.430313003389946,A
-6.852494988871488,2.878433025137554,A
-0.8896062223848905,4.437108195889096,B
6.355205005224759,-4.537866437191839,C
-1.1140498526317957,6.141608859377617,B
6.378730727590311,-4.650962189032181,C
7.272142970830775,-5.088947701997043,C
6.687229898900211,-4.109346631312777,C
-0.3210023525143447,5.64592537440907,B
6.0495174630715445,-4.0326683635532685,C
5.698628179325159,-4.911237800784425,C
-1.5220913471346982,7.631704994290675,B
-0.956863897514503,5.164592157368605,B
3.524535676206022,-5.550903111364084,C
-5.467048768420553,1.5918291491415224,A
6.984096323215144,-4.8345733082829225,C
-5.353483759062113,4.335709888392838,A
-6.0299277183908595,2.2191564389141614,A
5.035625921964814,-6.070327451170337,C
5.430817050158555,-3.7502713979260047,C
5.9222557242612694,-4.925297319958724,C
-1.7311979641405193,6.094846130052983,B
-1.4025443567043625,4.966702651494667,B
-1.0680585004731118,6.690684403618549,B
-0.9809111515407121,6.272830018549209,B
6.318421083918968,-4.7147074716240756,C
-5.6038726863595585,3.987834225422195,A
-4.851459438242017,1.9728701360907377,A
5.382317037231432,-4.216621375995015,C
1.2360132030179427,7.092426550464591,B
-0.0635011138584789,6.098543122697316,B
5.103683157162907,-4.961426966766038,C
-6.584115835954344,1.0163806873586159,A
-5.402242256669743,3.4270952627065343,A
-5.46538276695998,2.965683388690447,A
-5.327936279426012,4.83313593625967,A
-2.987582850452676,5.6127368665339405,B
-2.0524835283305243,5.36516089239617,B
-5.673468066174559,3.2387702874615893,A
0.665314207419472,6.495136357412999,B
-1.1823606809004057,5.422730990349092,B
4.448563096750105,-4.129088069673202,C
5.8889462190790445,-4.849640138293713,C
-1.073842837871716,6.68998950351849,B
5.59929526407447,-3.498034200567946,C
6.437082374826207,-4.034003180957921,C
5.399344311755393,-5.029458133704441,C
4.9153878336094845,-3.9481858083651744,C
6.012921438800566,-3.8305709617588843,C
-1.4720775135345467,4.7833409540984615,B
4.4454322219934665,-5.928321289419006,C
6.620871821366125,-2.838491799367294,C
-5.468703261506549,3.426363491519053,A
-5.86164213720612,2.2336766576907574,A
-4.848452800292768,0.8952698675673971,A
-6.950716276047546,1.9741577544591518,A
6.099585747404295,-2.597044657807106,C
-7.056330344907532,2.7763733516956464,A
5.129501348978283,-4.198581122719501,C
4.5969534916654045,-3.340799691101494,C
5.4507743130432065,-4.593518306306459,C
-0.5316044486626675,5.8405426364695066,B
0.2839554546262204,5.912626528201364,B
-0.24230485781277933,6.785845225595791,B
5.5494664699662355,-3.8041950481822733,C
-0.20150056436238772,7.814956827068755,B
7.627255676193589,-5.913465215520831,C
-5.96021620488623,1.8492894169577119,A
3.8801994944485205,-4.577708797100252,C
-3.642949195996527,7.248201657553324,B
7.241068351404874,-5.98712572882141,C
-6.503688358230251,2.4442937854801237,A
4.647995221144513,-4.675278350422934,C
0.6183558422747935,3.994897749804129,B
5.027213811630911,-3.442560931550006,C
-8.317466030065763,1.0946429073388824,A
-6.044898038653938,2.1193806151883416,A
-2.637499297350798,6.86109391488761,B
3.7839584699439834,-5.458271740042309,C
5.013051540617682,-4.307895239752117,C
-6.291339401088974,4.807944049636676,A
0.5468939767892316,4.394458967683153,B
-5.11197780921754,1.650686611318752,A
-0.6375830336482311,4.627075191117793,B
5.339672468012681,-4.860590071503567,C
-1.019081992606004,3.6285537805732093,B
-4.848505376951948,2.5948059730011717,A
-1.7494879379396746,4.918731489757506,B
-1.241685372062215,4.438177418201993,B
-0.8051788281889812,6.396143530602327,B
-4.897215913875944,0.9926088119332497,A
-2.6820191566298295,5.91788872678104,B
-2.583413621808681,5.665785134660513,B
5.874294999428237,-4.3107981298377425,C
-5.957727605644453,3.146896045113746,A
6.3252303154980245,-3.631171611277932,C
7.088682588670315,-4.326851319312546,C
6.045368668637071,-5.958498652027837,C
-1.7700725657861809,5.779049713645754,B
-1.521218948514016,6.207654574429757,B
-5.87840563267909,3.0087091171502096,A
-2.0842881412780008,6.261092925715105,B
7.311503175362062,-5.1727373736488795,C
-2.7987875592887717,5.3878738724552235,B
-4.139007371583354,1.2995441317738738,A
4.895023236846308,-2.817832374840827,C
-1.6056017907267388,5.248931284937892,B
-5.3100225787047375,1.8056519163792881,A
-0.6895677934720859,5.025290368784254,B
-7.107763606515258,1.2031038582018447,A
-0.9129385976954617,6.2361160831314315,B
4.039367273490837,-2.9907502436981446,C
-6.012612615975465,1.870720069716848,A
-5.8987751435953495,3.834161614243045,A
4.60146050360453,-4.356977981523962,C
-5.6660192333109505,2.7274711055784944,A
-2.0013073954806195,4.826059941627449,B
-1.9292350422887186,6.764375005489514,B
7.310942159387645,-3.1127608080945457,C
4.391500569546422,-5.887848934322083,C
-1.6732713298297313,7.205741629413922,B
-2.6525297656009363,5.8339528606023565,B
5.2459446357146415,-4.578806759283951,C
5.0061597673995815,-4.718436406676668,C
4.6379139214948335,-3.3025379571993208,C
0.185738532396853,6.299930120826053,B
-0.732363075390719,5.160755394001791,B
-5.705218667371258,-1.121341239828098,A
-5.537631546613024,2.481688107490004,A
-2.1264923120592805,6.002251634061625,B
4.967930374451617,-5.415217673909936,C
-6.514377006676798,2.9704635660940313,A
-0.38238035926708636,4.655543814810173,B
6.7039763991092185,-4.9738199208677605,C
-5.414197010024019,2.6574440017660805,A
-5.135810259866655,0.04172178698434159,A
4.494324570896284,-5.604094232872103,C
-1.2218876094651572,5.0469421722311045,B
-1.12427341452617,6.006155609817431,B
-2.40004618524738,4.439102623898303,B
-7.143847326189469,2.3718305436925347,A
-0.8461197828781346,6.37565984348119,B
-0.6603609403559862,5.532873521523297,B
5.824101933140966,-5.682856120915456,C
-1.1834567693359332,4.679656001057517,B
-0.48579268776474815,5.284165445856137,B
-6.089768679413525,2.0422108401001147,A
-5.2941354881478295,0.7314600967671083,A
-2.0907356094239544,6.122272232656965,B
-1.9764785624429169,4.684397969580242,B
-6.643631882547839,2.3854797043057077,A
-6.306405825683501,2.4604646121458567,A
-4.9927985423172245,1.9178393181641813,A
-2.365966213850436,5.755435881201041,B
4.431995829135063,-4.5073044695811655,C
-2.142349390555223,3.9827785952835515,B
-4.9450366372959795,1.1610671456525947,A
6.102441680046701,-5.179546672725687,C
7.167030305839786,-5.172377527138041,C
-1.2959849094064833,5.343161717968276,B
6.690776021597822,-5.037169952620877,C
-7.09586530595238,4.450018371574638,A
-5.881234144706888,1.3906364832265992,A
-0.8199146284598525,4.726447316774799,B
0.6633344382334756,5.863094935728511,B
-4.811813734315096,1.6373416966299335,A
7.005692301870337,-5.79784466714152,C
-2.4930981429089436,5.9566268894278345,B
-6.489172392262385,1.822182333075435,A
0.21448226172758278,6.722577132087905,B
-0.834241199150487,6.597936630448502,B
-6.955046204185351,2.904235157958686,A
5.8284434178801225,-3.455406837056328,C
-7.238599775902286,1.9302941116698222,A
-2.3168138913128002,5.658711171723001,B
4.227678289259376,-4.814565786989363,C
-1.0751483245314228,3.95546572648336,B
-7.8726237665353915,2.8358860199353026,A
-6.093411404584917,1.8757294903316803,A
-1.1775328624769537,5.670188859399465,B
6.048025904888476,-4.607679859051568,C
-1.2135652462886792,7.050354131804326,B
-5.2162868643097235,0.4209206006016668,A
5.0394232164989985,-4.383193337313803,C
-5.6328271675194035,1.698345052860436,A
5.865753569203906,-4.26871986981443,C
6.123062180439868,-3.726630585348245,C
4.3798904672023,-5.272096811102672,C
6.1851154733059275,-4.195347334238761,C
-0.9463746902633344,6.783712318121506,B
-0.6643718992371044,8.47101575412495,B
-0.8916759258610711,5.431578040507702,B
-1.4162462505553333,5.974144905815252,B
4.6467131407951605,-3.077151314842161,C
-0.9324320908768505,6.573692386443684,B
-1.2707941219204797,5.419619224991276,B
5.098248029624402,-5.246276873316022,C
-5.764157580851963,2.7312673617766725,A
-1.0637724745340291,5.981664245021788,B
-0.8515529569450355,4.757146139479102,B
-1.8567268946534732,5.8092067865677155,B
-6.372257317051336,1.7862060766577033,A
-5.1220324195294324,3.4881136764243026,A
-6.005081449489755,2.0120797299201496,A
4.85098820903701,-4.65627282082743,C
-7.19746155110406,1.857457209535849,A
6.58893100966192,-3.15950051271545,C
